<checkdata>
	<scannerserialnumber>5703523</scannerserialnumber>
	<make>Panini</make>
	<model>Panini</model>	
	<firmwareversion>16911104</firmwareversion>
	<checktype>2</checktype>
	<micr>T322271724T    80039O 0125</micr>
	<micrlinestatus>0</micrlinestatus>
	<accountnumber>80039</accountnumber>
	<banknumber>322271724</banknumber>
	<checknumber>0125</checknumber>
	<transitnumber>322271724</transitnumber>
	<imagesize>1</imagesize>
	<imagequality>1</imagequality>	
	<countrycode>1</countrycode>
	<serialnumber />
	<checkamount />	
	<irn />	
	<datetime />
	<capturetime />
	<epc />	
	<imagequalityresult />
	<imagequalityreport />
	<base64checkimage />
</checkdata>