<checkdata>
	<scannerserialnumber>5703523</scannerserialnumber>
	<make>Panini</make>
	<model>Panini</model>	
	<firmwareversion>16911104</firmwareversion>
	<checktype>1</checktype>
	<micr>T322271724T    80039O 0125</micr>
	<micrlinestatus>0</micrlinestatus>
	<accountnumber>80039</accountnumber>
	<banknumber>322271724</banknumber>
	<checknumber>0125</checknumber>
	<transitnumber>322271724</transitnumber>
	<imagesize>1</imagesize>
	<imagequality>1</imagequality>	
	<countrycode>1</countrycode>
	<serialnumber></serialnumber>
	<checkamount></checkamount>	
	<irn></irn>	
	<datetime></datetime>
	<capturetime></capturetime>
	<epc></epc>	
	<imagequalityresult></imagequalityresult>
	<imagequalityreport></imagequalityreport>
	<base64checkimage></base64checkimage>
</checkdata>
