<checkdata><transitnumber>101108319</transitnumber><checknumber>1121</checknumber><countrycode>1</countrycode><imagesize>1</imagesize><micr>T101108319T    80002O1121</micr><accountnumber>80002</accountnumber><imagequality>1</imagequality><serialnumber /><micrlinestatus>0</micrlinestatus><capturetime /><checktype>1</checktype><base64checkimage /><irn /><imagequalityreport /><make>Panini</make><model>Panini</model><checkamount /><epc /><scannerserialnumber>5703523</scannerserialnumber><banknumber>101108319</banknumber><imagequalityresult /><firmwareversion>16911104</firmwareversion><datetime /></checkdata>